Time, R_x, R_y, R_Ori, KF_x, KF_y, KF_Ori, KF_q, KF_alpha
0.666000, 0.676773, 566.641219, 0.001050, 1.767848, 574.985690, 0.002975, -0.022874, -0.005875
0.999000, -1.371367, 549.926403, -0.002674, -0.173599, 559.949890, 0.000275, -0.437858, -0.491009
1.332000, -1.774083, 533.149837, -0.003430, -1.200755, 543.460998, -0.063583, -0.422564, -0.424038
1.665000, -0.246218, 516.402217, -0.000471, -0.262444, 526.649847, -0.161088, 2.153128, -0.014333
1.998000, 1.008710, 499.804289, 0.002040, 1.425970, 509.789096, -0.165381, 5.711727, 0.980335
2.331000, 0.909651, 483.167497, 0.001835, 2.034724, 493.157571, -0.725367, 6.908982, -2.116975
2.664000, 0.583715, 466.425152, 0.001136, 1.618428, 473.057350, -3.607928, 2.945415, -8.639919
2.997000, 0.944344, 449.680447, 0.001938, 2.497770, 457.359227, -3.690177, 12.318057, -9.837608
3.330000, 0.273586, 433.109296, 0.000389, -2.105471, 438.741634, -2.690928, 30.369309, -7.799101
3.663000, 0.112762, 416.448405, 0.000003, 0.642272, 421.510548, -3.655639, 43.965726, -13.034399
3.996000, -1.884184, 399.830053, -0.004991, -1.188702, 399.857965, -2.774249, 44.376515, -7.321232
4.329000, -0.794415, 383.177728, -0.002147, -1.600804, 382.948837, -1.865541, 44.411914, -2.814303
4.662000, 0.176812, 366.527270, 0.000502, -1.619469, 366.192900, -1.993433, 45.188136, -6.342601
4.995000, -1.150452, 349.834110, -0.003292, -6.477632, 350.350596, -0.828665, 41.086920, 0.342229
5.328000, -2.844109, 333.236977, -0.008374, -2.652450, 334.110264, 0.149958, 40.580885, 3.779151
5.661000, -2.291725, 316.642544, -0.006630, -3.523790, 318.227458, -0.774228, 43.129825, 3.487953
5.994000, -2.172155, 300.003020, -0.006231, -2.542340, 300.792023, -0.057034, 41.298078, 0.730584
6.327000, -3.980218, 283.334891, -0.012612, -1.506978, 286.305283, -1.009860, 34.080671, -6.671318
6.660000, -4.960086, 266.612903, -0.016287, -4.998530, 266.786024, -1.725093, 34.192806, -6.743799
6.993000, -4.388282, 250.223174, -0.014002, -5.065193, 251.185024, -0.960226, 28.687059, -1.269186
7.326000, -3.866976, 235.324264, -0.011787, -3.760075, 236.124641, -0.301853, 26.761583, 1.278494
7.659000, -5.068918, 221.910189, -0.017203, -4.927973, 226.183579, 0.529664, 32.525532, 0.945241
7.992000, -5.004971, 209.860200, -0.016898, -1.504466, 211.193251, -1.056862, 24.362326, -3.395177
8.325000, -4.348309, 198.966352, -0.013598, -3.864682, 199.862319, -1.090540, 22.100879, -4.253507
8.658000, -3.330071, 189.289161, -0.008217, -3.358010, 189.313704, -1.076224, 21.719750, -3.497762
8.991000, -2.397582, 180.482995, -0.003050, -2.496329, 180.511882, -0.943070, 21.312015, -2.413864
9.324000, -2.285403, 172.485772, -0.002400, -1.865040, 172.686045, -0.841771, 22.722093, -1.977467
9.657000, -2.299095, 165.323830, -0.002483, -2.058567, 165.776993, -0.592905, 24.083716, -1.372214
9.990000, -2.348352, 158.926467, -0.002793, -2.203176, 159.458083, -0.296294, 25.370691, -1.513443
10.323000, -2.601962, 153.059993, -0.004450, -2.520884, 153.050009, -0.050764, 25.911390, -1.342825
10.656000, -2.991374, 147.772138, -0.007085, -2.687978, 147.409750, 0.151185, 25.421084, -1.161389
10.989000, -1.884878, 143.077335, 0.000649, -1.270063, 142.618933, 0.274069, 24.324144, -0.430832
11.322000, -1.942748, 138.791527, 0.000232, -0.342033, 138.411876, 0.479289, 20.673731, -0.108629
11.655000, -1.542893, 134.932126, 0.003195, 0.546837, 135.772618, -0.402352, 15.982553, -2.836146
11.988000, -1.094585, 131.421665, 0.006606, 0.366284, 131.675568, -0.434130, 12.819591, -1.497039
12.321000, -1.446163, 128.224157, 0.003864, -1.347746, 128.691712, -0.309484, 13.134128, -1.216673
12.654000, -2.140207, 125.455851, -0.001668, -1.701518, 125.327284, 0.018233, 12.917518, -0.880238
12.987000, -1.749674, 122.949862, 0.001509, -1.125932, 122.935417, 0.163519, 12.487345, -0.922474
13.320000, -1.762325, 120.655617, 0.001404, -0.570219, 120.911413, 0.052327, 10.426697, -2.451878
13.653000, -2.246416, 118.643402, -0.002676, -1.078939, 118.290832, -0.043555, 8.098048, -2.264078
13.986000, -1.075413, 116.769695, 0.007352, -1.014117, 116.648018, -0.191494, 7.442744, -1.480010
14.319000, -1.555072, 115.169546, 0.003187, -1.321379, 115.015885, -0.054192, 7.484895, -0.883893
14.652000, -1.652967, 113.617422, 0.002326, -1.216453, 113.585296, 0.083489, 7.365588, -0.845635
14.985000, -2.102280, 111.960135, -0.001688, -1.292568, 112.119700, 0.103045, 6.158119, -1.464683
15.318000, -1.643338, 110.356062, 0.002471, -1.066378, 110.480909, 0.044036, 5.647287, -1.126618
15.651000, -1.289171, 108.684196, 0.005730, -0.843167, 108.864405, 0.075001, 5.001473, -1.705843
15.984000, -0.939787, 106.953623, 0.008997, -0.653302, 107.071958, 0.031192, 5.098517, -1.749351
16.317000, -1.252310, 105.326626, 0.006029, -0.948862, 105.356831, 0.027091, 4.417152, -1.059103
16.650000, -0.934987, 103.629030, 0.009092, -0.668585, 103.899066, 0.058866, 4.014496, -0.619538
16.650000, -0.869734, 110.806404, 0.010182, -0.472139, 108.744081, -0.184577, 1.916657, 0.190449
16.983000, -1.385608, 116.541734, 0.003582, -0.894153, 114.536366, -0.444152, -0.606092, 1.246775
17.316000, -1.810565, 122.128728, 0.001396, -1.697314, 119.465186, 0.071535, -1.528818, 2.550836
17.649000, -1.262456, 126.779963, 0.006113, -1.463691, 123.965716, 0.153756, -0.740405, 2.378115
17.982000, -1.449177, 131.195134, 0.003835, -1.608163, 128.968279, 0.075881, 2.748035, 1.878030
18.315000, -0.685749, 135.322105, -0.002936, -0.663730, 133.650086, 0.094650, 5.571335, 1.586042
18.648000, -1.269980, 138.727544, 0.000427, -0.636494, 137.556644, 0.730002, 6.697449, 1.752364
18.981000, -1.512417, 142.204525, -0.003554, -1.126372, 141.632214, 0.929814, 7.310261, 1.316146
19.314000, -1.600629, 145.077766, 0.005850, -1.265500, 144.742869, 0.760806, 7.890293, 1.465622
19.647000, -1.730555, 147.798871, 0.005605, -1.437292, 147.558162, 0.729607, 8.483286, 1.727377
19.980000, -1.302959, 150.449570, 0.006197, -1.107093, 150.327760, 0.691723, 8.871673, 1.880777
20.313000, -1.595346, 152.708385, 0.013811, -1.409747, 152.716447, 0.734166, 8.438384, 1.873706
20.646000, -0.997777, 154.631188, 0.021239, -0.863686, 154.764012, 0.673082, 8.684346, 1.043552
20.979000, -0.545163, 156.441749, 0.022891, -0.334035, 156.570535, 0.602473, 8.383994, 0.918487
21.312000, -1.380864, 157.979786, 0.000651, -0.829033, 158.245739, 0.685839, 7.508281, 1.394445
21.645000, -1.448328, 152.309928, 0.000208, -0.473663, 154.373526, 0.284261, 3.171810, 0.699398
21.978000, -0.966206, 147.081787, -0.068905, -0.536285, 149.221098, 0.133830, -0.803591, -0.146169
22.311000, -0.650168, 142.393814, -0.066685, -0.783367, 144.461614, -0.454690, -3.525814, -0.895785
22.644000, -1.032203, 145.405902, -0.041952, -1.250498, 145.318890, -0.261904, -3.533563, -0.549572
22.977000, -0.644217, 140.839543, -0.039198, -1.142612, 142.415021, -0.243912, -1.620408, -0.024535
23.310000, -1.278511, 136.817053, 0.028559, -1.337917, 138.520609, -0.197424, 0.726116, 0.707285
23.643000, -0.734599, 140.324442, 0.037582, -0.891955, 139.675986, 0.039019, 0.982073, 0.133552
23.976000, -1.131261, 136.305625, 0.034672, -0.954257, 137.584831, -0.026015, 0.785454, -0.340599
24.309000, -1.137188, 139.951431, 0.021821, -1.006909, 139.045350, -0.004186, 0.826659, -0.559766
24.642000, -0.872467, 135.990305, 0.023767, -0.784449, 137.114092, -0.002317, 0.799909, -0.631480
24.975000, -0.392887, 139.671726, 0.019695, -0.488447, 138.704102, -0.050459, 0.097519, -0.037508
25.308000, -0.998928, 135.705091, 0.015229, -0.768847, 136.840528, -0.014296, 0.610718, -0.090874
25.641000, -0.804475, 139.150299, 0.000041, -0.763497, 138.274129, 0.003222, 0.359999, 0.396257
25.974000, -1.297594, 135.136769, -0.003608, -1.100946, 136.333998, -0.011604, 0.494819, 0.501067
26.307000, -1.066274, 138.931956, -0.008473, -0.988146, 137.956477, 0.118291, 0.202115, 0.470562
26.640000, -0.879292, 134.874354, -0.007087, -0.951543, 136.041167, 0.053865, -0.562630, -0.117747
26.973000, -1.625448, 138.717113, -0.029895, -1.418021, 137.698859, -0.022922, -0.513217, -0.270976
27.306000, -1.560063, 134.825499, -0.029410, -1.586501, 135.923495, -0.043412, -0.944978, -0.477916
27.639000, -1.964527, 138.660613, -0.031672, -1.978881, 137.647578, -0.063768, -1.326126, -0.804407
27.972000, -1.967075, 141.846219, -0.030166, -2.189834, 140.329469, -0.070140, -1.371521, -0.756468
28.305000, -1.333153, 137.684909, -0.025561, -1.634244, 138.635702, -0.118966, -0.017722, 0.058043
28.638000, -1.287484, 140.993222, -0.006876, -1.466326, 140.123759, -0.044514, -0.768622, -0.201605
28.971000, -1.598315, 136.755705, -0.009149, -1.576416, 138.029940, -0.007971, -0.599074, 0.227991
29.304000, -1.004606, 133.188345, 0.067700, -1.163833, 135.006412, 0.129949, 0.444174, 0.606762
29.637000, -0.385537, 137.001146, 0.060042, -0.559633, 136.258923, 0.118052, 1.227241, 0.254407
29.970000, -0.481297, 133.245426, 0.059323, -0.465346, 134.378513, 0.045685, 0.768747, 0.413706
30.303000, -0.315765, 129.962448, -0.011794, -0.394650, 131.564661, -0.155134, -0.257881, -0.537067
30.636000, -0.399745, 134.391568, -0.022524, -0.365816, 133.345157, -0.071330, -0.052749, -0.490978
30.969000, -0.191742, 130.903994, -0.020935, -0.193012, 131.814988, -0.103394, 0.172664, 0.102787
31.302000, -0.074301, 134.956337, -0.014636, -0.165363, 133.773264, -0.037036, -0.680741, -0.330406
31.635000, 0.558539, 131.414430, -0.009821, 0.322837, 132.302121, -0.045128, -0.163609, 0.236212
31.968000, 0.442600, 135.842683, 0.010643, 0.346388, 134.499901, -0.031505, -0.512079, -0.484017
32.301000, 0.554851, 132.070700, 0.011493, 0.458420, 133.001119, -0.034803, -0.566162, -0.740447
32.634000, 0.740322, 128.836264, 0.085323, 0.699945, 130.382934, -0.070233, 0.118146, -0.482281
32.967000, 1.489232, 133.404545, 0.080911, 1.172573, 132.285461, 0.029866, -0.121384, -0.334194
33.300000, 1.971833, 130.083601, 0.084621, 1.788161, 130.878907, 0.038571, 0.906436, -0.275261
33.633000, 1.426798, 127.098773, 0.007941, 1.688440, 128.539423, -0.006588, 0.542516, -0.043092
33.966000, 1.260731, 131.433962, -0.001089, 1.405643, 130.337842, 0.006750, -0.393537, 0.010132
34.299000, 0.895138, 128.222433, -0.003940, 1.014731, 129.031185, -0.005011, -0.121494, -0.175177
34.632000, 0.551123, 132.763072, -0.005384, 0.662161, 131.339574, -0.018443, -0.618870, -0.612224
34.965000, 0.083534, 129.458649, -0.008996, 0.213727, 130.187838, -0.077139, -1.082534, -0.936633
35.298000, -0.207265, 133.577848, 0.002263, -0.268298, 132.391105, -0.038809, -1.241683, -0.634169
35.631000, -0.438374, 130.239841, 0.000489, -0.430394, 131.027672, -0.081961, -0.308925, -0.385617
35.964000, -0.538657, 134.351036, 0.001802, -0.642457, 133.151546, -0.036628, -0.845774, -0.051509
36.297000, -0.401590, 130.830943, 0.002850, -0.499021, 131.692907, -0.004179, -0.375193, 0.112179
36.630000, -1.164835, 134.894543, 0.007817, -1.044161, 133.686922, -0.024326, -0.584803, -0.491844
36.963000, -1.833375, 131.363205, 0.002728, -1.655118, 132.258961, -0.041413, -0.865315, -0.536974
37.296000, -2.207909, 135.734236, 0.001957, -2.201116, 134.450977, -0.044728, -1.130668, -0.580038
37.629000, -2.282867, 132.053059, 0.001389, -2.303975, 132.958256, -0.072843, -0.438798, -0.499614
37.962000, -2.491449, 136.246563, 0.000609, -2.572258, 135.056991, -0.036039, -1.390165, -1.018906
38.295000, -1.317125, 132.673863, 0.009461, -1.743823, 133.522049, -0.119472, -0.410984, -0.945596
38.628000, -0.622784, 136.744509, 0.007387, -1.055112, 135.697952, 0.035677, -0.971966, -1.203376
38.961000, -0.862998, 132.987355, 0.005581, -0.911451, 133.914084, -0.132797, -0.123946, -1.175010
39.294000, -0.397164, 136.711052, -0.001661, -0.641593, 135.800186, -0.044899, -0.327475, -0.755781
39.627000, -0.492319, 133.019430, -0.002377, -0.447551, 133.969766, -0.082246, 0.613972, -0.904891
39.960000, -0.562647, 136.882362, -0.001891, -0.587528, 135.846759, -0.089082, 0.012197, -0.391286
40.293000, -0.190804, 133.113549, 0.000903, -0.203791, 134.076517, -0.050889, 0.864013, -0.611533
40.626000, 0.601909, 137.118739, 0.007727, 0.346169, 135.963944, -0.063558, 0.867460, -0.468237
40.959000, 0.937612, 133.464636, 0.010242, 0.921368, 134.346543, -0.031960, 1.137145, -0.462020
41.292000, 0.746684, 137.415481, 0.003949, 0.822188, 136.278691, -0.048621, 0.685281, -0.520995
41.625000, 0.667925, 133.620874, 0.003359, 0.842931, 134.570766, -0.013906, 0.647468, -0.747478
41.958000, 0.400732, 137.432935, 0.005875, 0.511668, 136.384616, -0.074844, -0.079591, -0.773569
42.291000, 0.358293, 133.585669, 0.005558, 0.486532, 134.597074, -0.051777, 0.463244, -0.925924
42.624000, -0.299807, 137.405122, 0.007404, -0.126274, 136.415919, -0.094070, -0.596810, -0.195022
42.957000, -0.033693, 133.523688, 0.009397, -0.012135, 134.572598, -0.037164, -0.169270, -0.435724
43.290000, -0.229875, 137.556747, -0.000630, -0.261201, 136.454621, -0.042051, -0.799417, -0.455137
43.623000, 0.142115, 133.694572, 0.002152, 0.015656, 134.723969, -0.051308, -0.036092, 0.176636
43.956000, 0.520402, 137.603061, 0.008599, 0.313175, 136.509239, -0.019604, -0.482878, 0.233804
44.289000, 1.216364, 133.777605, 0.013801, 0.915992, 134.815950, 0.062846, -0.203963, 0.088025
44.622000, 0.957894, 137.390860, 0.013216, 0.935964, 136.410407, 0.005878, 0.038444, -0.160139
44.955000, 1.433824, 140.646518, 0.008866, 1.328751, 139.035524, -0.025627, 0.167959, 0.199174
45.288000, 1.055296, 136.579479, 0.006094, 1.143641, 137.516514, 0.032355, 0.241393, 0.626753
45.621000, 1.452519, 140.376502, 0.012070, 1.415743, 139.292729, 0.110405, 0.474513, 0.834038
45.954000, 1.364112, 136.252822, 0.011421, 1.340830, 137.391126, 0.090260, -0.421409, 0.141467
46.287000, 1.708423, 139.937240, 0.022444, 1.647687, 139.016301, 0.068559, 0.281716, 0.286093
46.620000, 1.910391, 136.036467, 0.023929, 1.789696, 137.163733, 0.092807, -0.007251, 0.774720
46.953000, 1.675094, 139.774393, 0.012852, 1.776185, 138.791744, 0.131127, 0.128917, 0.751459
47.286000, 1.899467, 135.735589, 0.014505, 1.759718, 136.858573, 0.136995, -0.034552, 0.706695
47.619000, 1.445819, 139.403002, -0.003413, 1.644818, 138.472874, 0.159623, 0.027759, 0.884357
47.952000, 1.677353, 135.416755, -0.001704, 1.537446, 136.513000, 0.173872, -1.088695, 0.880662
48.285000, 2.403985, 139.322164, 0.014915, 2.151800, 138.360275, 0.116118, -0.126794, 0.208535
48.618000, 2.401747, 135.208664, 0.014898, 2.181158, 136.318497, 0.189280, -0.461591, 0.857989
48.951000, 1.791192, 138.914207, 0.018279, 1.949127, 137.930965, 0.152418, 0.089064, 0.707494
49.284000, 1.122140, 134.973122, 0.013321, 1.257639, 135.990888, 0.144711, -0.958474, 0.476056
49.617000, 1.586446, 138.770216, 0.016625, 1.509252, 137.774416, 0.112606, 0.561405, 0.112116
49.950000, 1.420718, 134.989405, 0.015396, 1.405814, 136.012851, 0.073867, -0.499936, -0.235407
50.283000, 1.362643, 138.593241, 0.026365, 1.374403, 137.617675, 0.014836, -0.503722, -0.431352
50.616000, 1.231268, 134.790107, 0.025390, 1.223942, 135.868415, -0.027053, -0.078279, -0.275425
50.949000, 1.345660, 138.354989, 0.017977, 1.268033, 137.410333, -0.023155, -0.136719, -0.299036
51.282000, 1.394409, 134.591235, 0.018339, 1.390148, 135.658667, -0.019305, 0.599764, 0.216217
51.615000, 1.319994, 138.645432, 0.004354, 1.361791, 137.513506, 0.028556, 0.166845, -0.178731
51.948000, 2.280758, 134.726664, 0.011485, 2.041425, 135.787705, -0.010095, 0.876187, 0.237791
52.281000, 2.592414, 138.412389, -0.000946, 2.520996, 137.414181, 0.045002, 0.951076, 0.416805
52.614000, 2.103019, 134.472741, -0.004585, 2.286180, 135.591073, -0.010375, 0.311834, 0.530079
52.947000, 2.681109, 138.468204, -0.005223, 2.661224, 137.407328, 0.141166, 0.847199, 0.362515
53.280000, 1.583859, 134.547085, -0.013380, 1.915384, 135.612309, 0.033505, -0.005537, -0.216950
53.613000, 1.371873, 138.640427, -0.010423, 1.598877, 137.495865, 0.027501, -0.254372, 0.079659
53.946000, 0.880569, 134.656675, -0.014072, 1.053474, 135.736627, 0.000307, -0.595581, 0.206302
54.279000, 1.303767, 138.527386, -0.001350, 1.195425, 137.464010, 0.007194, -0.518473, 0.486141
54.612000, 1.395002, 134.624244, -0.000672, 1.252206, 135.698028, 0.123450, -0.331226, 0.969334
54.945000, 2.142066, 138.659964, 0.020617, 1.923304, 137.572859, 0.094843, 1.095711, 0.910591
55.278000, 2.555462, 134.686507, 0.023686, 2.345518, 135.756652, 0.117417, 0.257459, 1.152674
55.611000, 2.098949, 138.311111, 0.038195, 2.313250, 137.419339, 0.293380, 0.547290, 1.298155
55.944000, 2.009490, 134.550755, 0.037529, 2.017937, 135.532984, 0.224866, -0.693974, 0.927415
56.277000, 1.993824, 138.341636, 0.035214, 2.074381, 137.407124, 0.224555, 0.705817, 0.922580
56.610000, 2.130226, 134.447053, 0.036228, 2.032236, 135.462687, 0.226876, -0.305120, 0.665287
56.943000, 2.642563, 138.278995, 0.019964, 2.553401, 137.337022, 0.198513, 1.149664, 0.935964
57.276000, 1.713625, 134.550614, 0.013059, 1.959635, 135.504255, 0.155001, 0.139405, 0.662983
57.609000, 1.721496, 138.522408, -0.005371, 1.937843, 137.494601, 0.268814, 1.048196, 0.450609
57.942000, 1.743662, 134.759003, -0.005207, 1.795096, 135.752476, 0.084654, -0.195510, 0.210937
58.275000, 1.845818, 138.523948, -0.008164, 1.923168, 137.532926, 0.095699, 1.028436, -0.158372
58.608000, 2.372529, 134.681629, -0.004253, 2.279863, 135.764803, -0.006423, 0.804510, -0.007416
58.941000, 1.865411, 138.520009, -0.001931, 2.089412, 137.469381, 0.044707, 0.380858, 0.273953
59.274000, 2.056526, 134.683289, -0.000512, 2.093268, 135.745737, 0.004171, 0.729969, -0.337984
59.607000, 2.490736, 138.412491, -0.002570, 2.470008, 137.398228, -0.005678, 1.084399, -0.352506
59.940000, 1.341787, 134.567722, -0.011108, 1.797708, 135.641006, -0.031135, 0.388799, -0.798981
60.273000, 1.218188, 138.308887, -0.010497, 1.373171, 137.319212, -0.109572, 0.079339, -0.192835
60.606000, 1.074968, 134.529048, -0.011561, 1.250575, 135.562819, -0.050430, 0.086646, 0.150666
60.939000, 0.904953, 138.503520, -0.007108, 0.959441, 137.398975, -0.012578, -0.277569, 0.274064
61.272000, 0.720372, 134.715834, -0.008478, 0.769247, 135.738554, 0.005287, -0.643510, 0.351787
61.605000, 0.894933, 138.504192, -0.003356, 0.824008, 137.453072, -0.005813, -0.074308, -0.192179
61.938000, 1.003414, 134.668154, -0.002551, 0.914794, 135.729191, -0.001994, -0.347489, -0.492174
62.271000, 0.925667, 138.122599, 0.001286, 0.869920, 137.214350, -0.044959, -0.336063, -0.964781
62.604000, 1.111553, 134.295871, 0.002670, 1.080462, 135.390859, -0.115453, -0.117528, -0.875044
62.937000, 1.715447, 137.946080, 0.008038, 1.423198, 137.019544, -0.065164, -0.020287, -0.804895
63.270000, 1.933438, 141.331001, 0.028900, 1.589017, 139.773431, -0.092911, -0.643677, -0.870604
63.603000, 1.885478, 137.237353, 0.028551, 1.837202, 138.137002, -0.074477, 0.044681, -0.585987
63.936000, 2.361588, 140.691468, 0.038011, 2.104126, 139.765162, -0.021236, -0.136142, -0.697531
64.269000, 2.633102, 136.682084, 0.039998, 2.573790, 137.785704, -0.032901, 0.981113, -0.570113
64.602000, 2.119628, 140.498311, 0.010964, 2.257073, 139.512132, -0.056849, -0.448945, -0.043749
64.935000, 2.141971, 136.571667, 0.011127, 2.211182, 137.672511, -0.020289, -0.458869, -0.497186
65.268000, 2.275776, 132.888504, -0.060257, 2.298991, 134.691792, -0.116562, 0.126020, 0.268326
65.601000, 2.771462, 136.789934, -0.038996, 2.610101, 135.988784, -0.048545, 0.009062, 0.164803
65.934000, 1.614769, 133.030887, -0.047692, 1.912380, 134.164006, -0.024860, -0.513346, 0.005885
66.267000, 1.798378, 129.852741, 0.026113, 1.785980, 131.500712, 0.017470, -0.227828, -0.317791
66.600000, 1.858110, 134.153439, 0.044665, 1.800203, 133.141828, 0.006407, -0.477325, -0.707504
66.933000, 1.905048, 130.639166, 0.045025, 1.869286, 131.588999, -0.044948, -0.557290, -0.218669
67.266000, 2.115835, 134.592070, 0.034519, 1.919973, 133.469730, -0.002130, -0.782741, -0.402144
67.599000, 2.275505, 131.110663, 0.035737, 2.141386, 131.994016, -0.005459, 0.279011, -0.487068
67.932000, 2.509522, 135.293055, 0.007052, 2.357067, 134.044438, -0.039796, 0.237496, -0.083076
68.265000, 2.255717, 131.631326, 0.005124, 2.352533, 132.545556, -0.024074, 0.797838, 0.322973
68.598000, 2.309741, 128.583316, 0.077935, 2.423488, 130.094962, 0.018387, 0.787690, 0.325138
68.931000, 1.534677, 125.877450, 0.144169, 1.824446, 127.467118, 0.031974, 0.416557, 0.472221
69.264000, 1.522180, 123.287077, 0.216459, 1.576205, 124.818951, 0.014203, -0.089014, -0.068265
69.597000, 1.253765, 121.050377, 0.286633, 1.256840, 122.458215, 0.122719, -0.600150, 0.354764
69.930000, 1.862277, 118.944438, 0.364140, 1.594831, 120.276121, 0.310848, -0.549258, 0.455717
70.263000, 1.412112, 117.113623, 0.360296, 1.343723, 118.272808, 0.445003, -1.231997, 0.645545
70.596000, 4.506951, 121.891014, 0.387472, 3.578369, 120.649587, 0.417125, 1.018246, 0.338971
70.929000, 3.194129, 119.675782, 0.376502, 3.361047, 120.033468, 0.443817, 0.434446, 0.476802
71.262000, 3.215678, 117.741483, 0.449077, 3.195989, 118.543800, 0.456427, 0.056873, 0.176547
71.595000, 3.090404, 115.990255, 0.520390, 3.012011, 116.865685, 0.470328, -0.909140, -0.180738
71.928000, 3.099683, 114.386255, 0.592862, 2.884628, 115.236666, 0.530264, -1.541142, -0.086321
72.261000, 2.866668, 112.662095, 0.663184, 2.652704, 113.520266, 0.630225, -2.265117, 0.606235
72.594000, 6.756326, 116.601053, 0.644949, 5.457797, 115.531569, 0.663516, 1.260783, 0.088016
72.927000, 6.002292, 114.740929, 0.638376, 5.885407, 115.098000, 0.697217, 1.154411, -0.213982
73.260000, 5.605349, 113.146933, 0.707260, 5.694026, 113.864500, 0.696172, 0.331703, -0.417084
73.593000, 5.145971, 111.532258, 0.775531, 5.243498, 112.335969, 0.715844, -0.963202, -0.601357
73.926000, 5.182377, 109.930894, 0.848254, 5.028904, 110.735288, 0.747344, -1.281391, -0.251058
74.259000, 4.816310, 108.291956, 0.844873, 4.697569, 109.078565, 0.789097, -1.903427, 0.382546
74.592000, 5.410250, 106.583176, 0.922836, 4.963479, 107.329858, 0.982154, -2.269167, 0.999026
74.925000, 11.251140, 109.495248, 0.936238, 9.164072, 108.832887, 1.334013, 1.239002, 0.958123
75.258000, 10.821048, 107.803702, 0.932248, 10.180485, 108.271585, 1.289084, 0.858972, 1.367023
75.591000, 10.974160, 106.042734, 1.006083, 10.755362, 106.773851, 1.230540, -0.179082, 1.289936
75.924000, 8.162351, 105.703361, 1.051843, 9.081957, 106.056898, 1.458034, -0.663944, 1.224735
76.257000, 7.980077, 104.073997, 1.122483, 8.421823, 104.611680, 1.302298, -1.131741, 0.500866
76.590000, 6.964553, 108.011664, 1.064514, 7.328155, 106.932188, 1.183567, 1.101090, 0.229840
76.923000, 7.155679, 106.311299, 1.066312, 7.271501, 106.592380, 1.112473, 0.392524, 0.580036
77.256000, 7.132157, 104.585929, 0.993695, 7.189267, 105.192011, 1.074408, -0.639973, 0.239952
77.589000, -0.195605, 104.892922, 0.996175, 2.558299, 104.807301, 1.158477, -1.362042, 0.374682
77.922000, -0.195605, 104.892922, 1.068566, 0.783506, 104.667341, 1.111143, -1.787324, -0.161132
78.255000, -0.195605, 104.892922, 1.140957, 0.084918, 104.654429, 1.097971, -1.886504, -0.578729
78.588000, -0.195605, 104.892922, 1.213349, -0.191457, 104.662928, 1.129765, -1.743404, -0.796912
78.921000, -0.195605, 104.892922, 2.099592, -0.298175, 104.710065, 1.755958, -1.199030, 0.275151
79.254000, -0.195605, 104.892922, 1.978867, -0.175711, 104.708798, 1.941604, -0.988041, 0.081688
79.587000, -0.195605, 104.892922, 2.206765, -0.137233, 104.746280, 2.135855, -0.883285, 0.217774
79.920000, 6.788734, 106.401053, 2.262512, 4.242704, 105.666062, 2.400672, -0.634010, 0.972391
80.253000, 6.960159, 104.708463, 1.704161, 6.089242, 104.853544, 2.023625, -1.536543, 0.282556
80.586000, 5.722345, 106.901280, 1.894389, 5.815498, 106.025442, 1.989919, -0.623845, 0.506644
80.919000, 5.845170, 105.131398, 1.560689, 5.877338, 105.350753, 1.711689, -1.202015, 0.231558
81.252000, 12.949505, 105.364325, 1.981279, 10.587924, 104.918991, 2.134383, -3.829005, 0.842285
81.585000, 5.769214, 105.953834, 1.812203, 7.728294, 105.521473, 1.825022, -1.883549, -0.013293
81.918000, 12.681008, 106.731532, 2.022548, 11.273351, 106.238481, 2.488334, -3.620790, 0.679643
82.251000, 4.594793, 107.465484, 1.176537, 7.259014, 107.071659, 1.612122, -1.109683, -0.848101
82.584000, 11.561503, 108.580761, 1.164556, 10.228644, 108.028396, 1.619329, -2.619643, -0.095805
82.917000, 11.867047, 106.820145, 1.167416, 11.268852, 106.916310, 1.277974, -2.997387, -0.482654
83.250000, 15.044815, 109.367399, 1.133548, 13.584729, 108.422561, 1.129475, -1.286915, -0.010318
83.583000, 21.429080, 110.529203, 1.125710, 18.980028, 109.892357, 0.955923, 1.889525, 1.479680
83.916000, 11.711248, 111.746696, 1.038234, 14.379858, 111.137531, 0.985006, 0.688664, 0.330257
84.249000, 18.520660, 113.760548, 1.042849, 17.267212, 113.112300, 0.668078, 1.855759, -0.367502
84.582000, 17.150524, 111.936132, 1.030597, 17.324049, 112.372302, 0.895587, 0.739890, -0.251645
84.915000, 22.309402, 113.871954, 1.026221, 20.795705, 113.616783, 0.957299, 3.386395, -0.550709
85.248000, 19.514264, 112.314282, 1.001278, 20.066769, 112.950357, 0.938595, 1.643003, -0.339286
85.581000, 24.449623, 114.652465, 1.000156, 23.242550, 114.372954, 0.952320, 3.993651, -1.072499
85.914000, 21.252248, 113.104812, 0.971808, 22.097091, 113.714492, 0.868687, 2.117485, -0.306862
86.247000, 25.122966, 115.616874, 0.951384, 24.400629, 115.224013, 0.887391, 3.364296, -0.119376
86.580000, 22.627648, 113.915710, 0.929430, 23.334454, 114.535256, 0.905205, 1.311090, -0.093803
86.913000, 25.920566, 116.889612, 0.910294, 25.251163, 116.328372, 0.893823, 2.474825, -0.442802
87.246000, 22.993202, 115.210049, 0.884817, 23.847692, 115.647474, 0.852187, 0.274003, -0.084370
87.579000, 26.605079, 118.074620, 0.864426, 25.835432, 117.407820, 0.850181, 2.365832, 0.054386
87.912000, 22.803246, 116.543355, 0.831693, 23.917214, 116.857027, 0.859542, 0.407774, 0.145052
88.245000, 25.822863, 119.836352, 0.814457, 25.341872, 118.987528, 0.858451, 2.056882, 0.319554
88.578000, 22.202712, 118.108070, 0.783713, 23.369144, 118.395793, 0.863250, 0.004037, -0.007847
88.911000, 24.163126, 121.487354, 0.750218, 24.026139, 120.545614, 0.806502, 1.492000, 0.332963
89.244000, 20.546725, 119.641536, 0.719908, 21.801280, 119.872754, 0.788632, -0.356229, 0.418501
89.577000, 22.249332, 123.462231, 0.697239, 22.230840, 122.327340, 0.826860, 1.532661, 0.844861
89.910000, 18.200788, 121.577316, 0.663849, 19.686775, 121.754209, 0.785963, -0.493312, 0.208287
90.243000, 19.362529, 125.283653, 0.630249, 19.575766, 124.174669, 0.746350, 1.584601, 0.397868
90.576000, 14.702813, 123.275954, 0.592355, 16.488889, 123.445777, 0.689766, -0.062038, 0.712767
90.909000, 15.197833, 127.596523, 0.567950, 15.779645, 126.276126, 0.920198, 1.850611, 1.142898
91.242000, 10.770273, 125.280892, 0.532548, 12.592008, 125.535078, 0.848417, -0.254203, 1.017833
91.575000, 11.324630, 129.130377, 0.515179, 11.834380, 128.048769, 0.877018, 1.678523, 1.074092
91.908000, 8.263192, 126.348549, 0.490927, 9.666333, 126.906397, 0.736932, -0.188701, 0.336939
92.241000, 9.146584, 130.358921, 0.476136, 9.400732, 129.341184, 0.642903, 1.842136, 0.063537
92.574000, 6.483826, 127.457455, 0.455232, 7.598828, 128.023754, 0.538307, -0.371118, -0.411123
92.907000, 7.796803, 131.341772, 0.438275, 7.844512, 130.219929, 0.425941, 0.475195, -0.083892
93.240000, 5.804091, 128.218043, 0.422728, 6.392331, 128.884825, 0.414178, -0.963261, -0.005215
93.573000, 6.720478, 132.056250, 0.412343, 6.651087, 130.869369, 0.425671, -0.214876, 0.073203
93.906000, 4.976865, 128.766764, 0.398798, 5.384830, 129.467032, 0.428172, -1.020532, -0.153761
94.239000, 5.917528, 132.828847, 0.378614, 5.790163, 131.579865, 0.369914, 0.356221, -0.207868
94.572000, 4.501165, 129.439033, 0.367670, 4.846126, 130.196708, 0.355287, -1.198402, -0.128517
94.905000, 5.763500, 133.223794, 0.351847, 5.470039, 132.078559, 0.334012, 0.362632, -0.398040
95.238000, 4.671209, 129.931598, 0.343439, 4.884633, 130.723997, 0.303449, -0.444351, -0.100458
95.571000, 5.750695, 133.579387, 0.324020, 5.512693, 132.501207, 0.305572, 0.780524, -0.540897
95.904000, 4.126128, 130.188098, 0.311538, 4.556584, 131.057707, 0.258130, -0.287409, -0.053237
96.237000, 5.455253, 134.125542, 0.305081, 5.208457, 132.964261, 0.301373, 0.647389, -0.011504
96.570000, 4.285058, 130.680911, 0.296125, 4.569115, 131.550054, 0.292247, 0.110256, 0.172670
96.903000, 5.176255, 134.489549, 0.287402, 5.085005, 133.411990, 0.349458, 1.305322, 0.659681
97.236000, 3.753975, 131.146034, 0.276555, 4.186947, 131.982560, 0.327380, 0.041422, 0.420619
97.569000, 4.694205, 134.988800, 0.276629, 4.664181, 133.969096, 0.437104, 1.312005, 0.233645
97.902000, 2.972829, 131.426717, 0.263529, 3.501935, 132.317314, 0.321225, -0.471156, 0.483674
98.235000, 3.658587, 135.570704, 0.272295, 3.707218, 134.430385, 0.440095, 0.465547, 1.075661
98.568000, 2.186011, 132.004631, 0.261139, 2.586211, 132.809423, 0.437530, -1.416821, 0.607265
98.901000, 3.789935, 135.780150, 0.269792, 3.399031, 134.805638, 0.372693, 0.386326, 0.754138
99.234000, 2.057883, 132.193004, 0.256687, 2.410210, 133.007512, 0.418298, -0.785399, 0.657143
99.567000, 3.803518, 135.971351, 0.251155, 3.421168, 135.012475, 0.385583, 1.120184, 0.607001
99.900000, 2.407624, 132.349909, 0.240607, 2.709952, 133.237520, 0.363083, -0.378825, 0.167958
100.233000, 2.574155, 136.130630, 0.210649, 2.719193, 135.119991, 0.321900, 0.117937, 0.599661
100.566000, 2.982086, 139.832699, 0.188308, 3.110334, 138.190183, 0.204657, 1.261828, 0.064171
100.899000, 1.976209, 135.839661, 0.180903, 2.351280, 136.630984, 0.203094, 0.099144, 0.089963
101.232000, 3.229404, 139.387240, 0.169968, 3.060201, 138.399169, 0.236487, 0.727727, 0.343675
101.565000, 2.291228, 135.422785, 0.163040, 2.504679, 136.536349, 0.209562, 0.091153, 0.699274
101.898000, 2.969729, 138.953854, 0.167934, 2.925246, 138.095052, 0.327298, 1.251754, 0.718882
102.231000, 1.189950, 135.045589, 0.154754, 1.711826, 136.097343, 0.229573, -0.775746, 0.528126
102.564000, 2.350780, 138.476391, 0.179370, 2.181540, 137.670724, 0.307573, 0.330531, 0.563447
102.897000, 2.266492, 134.499178, 0.178743, 2.133313, 135.641040, 0.318560, -1.021718, 0.554294
103.230000, 3.410669, 137.956259, 0.191885, 3.021086, 137.165808, 0.270714, 0.019632, -0.038235
103.563000, 2.545292, 134.070177, 0.185430, 2.564383, 135.145266, 0.265116, -0.887831, 0.553787
103.896000, 3.140371, 137.921542, 0.197630, 2.981975, 136.890984, 0.266920, 0.100363, -0.015598
104.229000, 2.499430, 134.138687, 0.192851, 2.551545, 135.121930, 0.245418, -0.528155, -0.318713
104.562000, 3.043239, 137.732650, 0.180074, 2.914790, 136.758070, 0.157955, 0.294475, -0.582876
104.895000, 2.683858, 133.963296, 0.177392, 2.749583, 135.025351, 0.107012, -0.318365, -0.069790
105.228000, 1.529994, 130.684596, 0.096171, 1.856632, 132.340153, 0.094329, -0.682346, -0.122427
105.561000, 1.759446, 135.036934, 0.103490, 1.731001, 134.001271, 0.085913, -0.160539, -0.060571
105.894000, 1.773003, 131.394179, 0.103593, 1.735544, 132.387876, 0.101184, -0.063184, 0.031656
106.227000, 2.748766, 135.492613, 0.126126, 2.470709, 134.312173, 0.116889, 0.993323, -0.303058
106.560000, 2.219678, 132.020345, 0.122118, 2.371244, 132.899369, 0.091515, 0.924280, -0.238166
106.893000, 2.364820, 128.883940, 0.195635, 2.453770, 130.410753, 0.124251, 0.387513, -0.381071
107.226000, 2.582283, 133.058231, 0.180895, 2.580700, 132.055428, 0.148554, 0.268947, -0.336084
107.559000, 1.673728, 129.808837, 0.173896, 1.972951, 130.674490, 0.133380, -0.076822, -0.811837
107.892000, 2.124747, 126.801579, 0.105060, 2.107979, 128.270808, 0.051942, -0.145847, -0.758207
108.225000, 2.043849, 131.286201, 0.086958, 1.988978, 130.153453, 0.023806, -0.496755, -0.712898
108.558000, 1.923811, 127.994648, 0.086021, 1.954729, 128.803675, -0.003935, 0.388035, -0.495211
108.891000, 2.185948, 132.509465, 0.096171, 2.047177, 131.122954, 0.020243, -0.630438, -0.561997
109.224000, 2.273793, 129.096993, 0.096852, 2.201803, 129.848063, 0.021163, 0.063800, -0.037454
109.557000, 1.571265, 126.081164, 0.163671, 1.840158, 127.513454, 0.129567, -0.179944, -0.331130
109.890000, 1.686940, 123.599916, 0.164607, 1.760345, 125.086383, 0.122008, 0.060543, 0.049859
110.223000, 1.510019, 121.179019, 0.163147, 1.601692, 122.672157, 0.163595, -0.349310, 0.339088
110.556000, 1.452125, 119.135878, 0.162661, 1.423508, 120.471516, 0.216848, -0.552647, 0.156681
110.889000, 1.128649, 117.121171, 0.159899, 1.087040, 118.362043, 0.211003, -0.833799, 0.256856
111.222000, 0.919428, 115.341399, 0.158085, 0.810854, 116.447718, 0.220240, -1.057907, 0.500613
111.555000, 0.823068, 113.672472, 0.157238, 0.635236, 114.671893, 0.274470, -1.131840, 0.879644
111.888000, 0.331035, 112.040835, 0.152846, 0.218299, 112.937647, 0.350711, -1.763246, 0.392708
112.221000, 0.364745, 110.327822, 0.153152, 0.044040, 111.188958, 0.332376, -1.945819, 0.583485
112.554000, 0.210579, 108.778037, 0.151734, -0.118450, 109.559273, 0.370966, -2.047470, 0.591875
112.887000, 0.288737, 107.008093, 0.152465, -0.125900, 107.826683, 0.411323, -2.377921, 0.237994
113.220000, 0.597753, 105.340609, 0.155398, 0.058416, 106.144069, 0.359157, -2.210202, 0.554594
113.553000, 0.781813, 103.647671, 0.157174, 0.264983, 104.461804, 0.409692, -1.865948, 0.584563
113.886000, 0.781813, 103.647671, 0.157174, 0.420851, 103.882352, 0.339580, -1.454239, 0.266814
114.219000, 0.781813, 103.647671, 0.157174, 0.517289, 103.709106, 0.261880, -1.485006, 0.696816
